,Date,Visitor/Neutral,Home/Neutral
0,2023-10-24,Los Angeles Lakers,Denver Nuggets
1,2023-10-24,Phoenix Suns,Golden State Warriors
2,2023-10-25,Houston Rockets,Orlando Magic
3,2023-10-25,Boston Celtics,New York Knicks
4,2023-10-25,Washington Wizards,Indiana Pacers
5,2023-10-25,Atlanta Hawks,Charlotte Hornets
6,2023-10-25,Detroit Pistons,Miami Heat
7,2023-10-25,Minnesota Timberwolves,Toronto Raptors
8,2023-10-25,Cleveland Cavaliers,Brooklyn Nets
9,2023-10-25,New Orleans Pelicans,Memphis Grizzlies
10,2023-10-25,Oklahoma City Thunder,Chicago Bulls
11,2023-10-25,Sacramento Kings,Utah Jazz
12,2023-10-25,Dallas Mavericks,San Antonio Spurs
13,2023-10-25,Portland Trail Blazers,Los Angeles Clippers
14,2023-10-26,Philadelphia 76ers,Milwaukee Bucks
15,2023-10-26,Phoenix Suns,Los Angeles Lakers
16,2023-10-27,Denver Nuggets,Memphis Grizzlies
17,2023-10-27,Detroit Pistons,Charlotte Hornets
18,2023-10-27,New York Knicks,Atlanta Hawks
19,2023-10-27,Oklahoma City Thunder,Cleveland Cavaliers
20,2023-10-27,Miami Heat,Boston Celtics
21,2023-10-27,Toronto Raptors,Chicago Bulls
22,2023-10-27,Houston Rockets,San Antonio Spurs
23,2023-10-27,Brooklyn Nets,Dallas Mavericks
24,2023-10-27,Los Angeles Clippers,Utah Jazz
25,2023-10-27,Orlando Magic,Portland Trail Blazers
26,2023-10-27,Golden State Warriors,Sacramento Kings
27,2023-10-28,Chicago Bulls,Detroit Pistons
28,2023-10-28,Memphis Grizzlies,Washington Wizards
29,2023-10-28,New York Knicks,New Orleans Pelicans
30,2023-10-28,Indiana Pacers,Cleveland Cavaliers
31,2023-10-28,Philadelphia 76ers,Toronto Raptors
32,2023-10-28,Miami Heat,Minnesota Timberwolves
33,2023-10-28,Utah Jazz,Phoenix Suns
34,2023-10-29,Denver Nuggets,Oklahoma City Thunder
35,2023-10-29,Golden State Warriors,Houston Rockets
36,2023-10-29,Atlanta Hawks,Milwaukee Bucks
37,2023-10-29,Portland Trail Blazers,Philadelphia 76ers
38,2023-10-29,San Antonio Spurs,Los Angeles Clippers
39,2023-10-29,Los Angeles Lakers,Sacramento Kings
40,2023-10-30,Chicago Bulls,Indiana Pacers
41,2023-10-30,Boston Celtics,Washington Wizards
42,2023-10-30,Brooklyn Nets,Charlotte Hornets
43,2023-10-30,Portland Trail Blazers,Toronto Raptors
44,2023-10-30,Minnesota Timberwolves,Atlanta Hawks
45,2023-10-30,Dallas Mavericks,Memphis Grizzlies
46,2023-10-30,Miami Heat,Milwaukee Bucks
47,2023-10-30,Golden State Warriors,New Orleans Pelicans
48,2023-10-30,Detroit Pistons,Oklahoma City Thunder
49,2023-10-30,Utah Jazz,Denver Nuggets
50,2023-10-30,Orlando Magic,Los Angeles Lakers
51,2023-10-31,New York Knicks,Cleveland Cavaliers
52,2023-10-31,San Antonio Spurs,Phoenix Suns
53,2023-10-31,Orlando Magic,Los Angeles Clippers
0,2023-11-01,Portland Trail Blazers,Detroit Pistons
1,2023-11-01,Milwaukee Bucks,Toronto Raptors
2,2023-11-01,Washington Wizards,Atlanta Hawks
3,2023-11-01,Indiana Pacers,Boston Celtics
4,2023-11-01,Brooklyn Nets,Miami Heat
5,2023-11-01,Cleveland Cavaliers,New York Knicks
6,2023-11-01,New Orleans Pelicans,Oklahoma City Thunder
7,2023-11-01,Charlotte Hornets,Houston Rockets
8,2023-11-01,Denver Nuggets,Minnesota Timberwolves
9,2023-11-01,Chicago Bulls,Dallas Mavericks
10,2023-11-01,Memphis Grizzlies,Utah Jazz
11,2023-11-01,Sacramento Kings,Golden State Warriors
12,2023-11-01,Los Angeles Clippers,Los Angeles Lakers
13,2023-11-02,Toronto Raptors,Philadelphia 76ers
14,2023-11-02,Detroit Pistons,New Orleans Pelicans
15,2023-11-02,Orlando Magic,Utah Jazz
16,2023-11-02,San Antonio Spurs,Phoenix Suns
17,2023-11-03,Cleveland Cavaliers,Indiana Pacers
18,2023-11-03,New York Knicks,Milwaukee Bucks
19,2023-11-03,Brooklyn Nets,Chicago Bulls
20,2023-11-03,Washington Wizards,Miami Heat
21,2023-11-03,Golden State Warriors,Oklahoma City Thunder
22,2023-11-03,Dallas Mavericks,Denver Nuggets
23,2023-11-03,Memphis Grizzlies,Portland Trail Blazers
24,2023-11-04,Phoenix Suns,Philadelphia 76ers
25,2023-11-04,Charlotte Hornets,Indiana Pacers
26,2023-11-04,Atlanta Hawks,New Orleans Pelicans
27,2023-11-04,Los Angeles Lakers,Orlando Magic
28,2023-11-04,Boston Celtics,Brooklyn Nets
29,2023-11-04,Sacramento Kings,Houston Rockets
30,2023-11-04,Utah Jazz,Minnesota Timberwolves
31,2023-11-04,Chicago Bulls,Denver Nuggets
32,2023-11-05,Phoenix Suns,Detroit Pistons
33,2023-11-05,Toronto Raptors,San Antonio Spurs
34,2023-11-05,Golden State Warriors,Cleveland Cavaliers
35,2023-11-05,Charlotte Hornets,Dallas Mavericks
36,2023-11-05,Memphis Grizzlies,Portland Trail Blazers
37,2023-11-06,Golden State Warriors,Detroit Pistons
38,2023-11-06,San Antonio Spurs,Indiana Pacers
39,2023-11-06,Dallas Mavericks,Orlando Magic
40,2023-11-06,Washington Wizards,Philadelphia 76ers
41,2023-11-06,Milwaukee Bucks,Brooklyn Nets
42,2023-11-06,Los Angeles Lakers,Miami Heat
43,2023-11-06,Los Angeles Clippers,New York Knicks
44,2023-11-06,Utah Jazz,Chicago Bulls
45,2023-11-06,Sacramento Kings,Houston Rockets
46,2023-11-06,Boston Celtics,Minnesota Timberwolves
47,2023-11-06,Atlanta Hawks,Oklahoma City Thunder
48,2023-11-06,New Orleans Pelicans,Denver Nuggets
49,2023-11-08,Washington Wizards,Charlotte Hornets
50,2023-11-08,Utah Jazz,Indiana Pacers
51,2023-11-08,Boston Celtics,Philadelphia 76ers
52,2023-11-08,Los Angeles Clippers,Brooklyn Nets
53,2023-11-08,San Antonio Spurs,New York Knicks
54,2023-11-08,Phoenix Suns,Chicago Bulls
55,2023-11-08,Los Angeles Lakers,Houston Rockets
56,2023-11-08,Miami Heat,Memphis Grizzlies
57,2023-11-08,Detroit Pistons,Milwaukee Bucks
58,2023-11-08,New Orleans Pelicans,Minnesota Timberwolves
59,2023-11-08,Cleveland Cavaliers,Oklahoma City Thunder
60,2023-11-08,Toronto Raptors,Dallas Mavericks
61,2023-11-08,Golden State Warriors,Denver Nuggets
62,2023-11-08,Portland Trail Blazers,Sacramento Kings
63,2023-11-09,Milwaukee Bucks,Indiana Pacers
64,2023-11-09,Atlanta Hawks,Orlando Magic
65,2023-11-10,Philadelphia 76ers,Detroit Pistons
66,2023-11-10,Charlotte Hornets,Washington Wizards
67,2023-11-10,Brooklyn Nets,Boston Celtics
68,2023-11-10,New Orleans Pelicans,Houston Rockets
69,2023-11-10,Utah Jazz,Memphis Grizzlies
70,2023-11-10,Minnesota Timberwolves,San Antonio Spurs
71,2023-11-10,Los Angeles Clippers,Dallas Mavericks
72,2023-11-10,Los Angeles Lakers,Phoenix Suns
73,2023-11-10,Oklahoma City Thunder,Sacramento Kings
74,2023-11-11,Milwaukee Bucks,Orlando Magic
75,2023-11-11,Toronto Raptors,Boston Celtics
76,2023-11-11,Miami Heat,Atlanta Hawks
77,2023-11-11,Cleveland Cavaliers,Golden State Warriors
78,2023-11-12,Charlotte Hornets,New York Knicks
79,2023-11-12,Washington Wizards,Brooklyn Nets
80,2023-11-12,Memphis Grizzlies,Los Angeles Clippers
81,2023-11-12,Indiana Pacers,Philadelphia 76ers
82,2023-11-12,Detroit Pistons,Chicago Bulls
83,2023-11-12,Denver Nuggets,Houston Rockets
84,2023-11-12,Dallas Mavericks,New Orleans Pelicans
85,2023-11-12,Miami Heat,San Antonio Spurs
86,2023-11-12,Oklahoma City Thunder,Phoenix Suns
87,2023-11-12,Minnesota Timberwolves,Golden State Warriors
88,2023-11-12,Portland Trail Blazers,Los Angeles Lakers
89,2023-11-13,New York Knicks,Boston Celtics
90,2023-11-13,Washington Wizards,Toronto Raptors
91,2023-11-13,Chicago Bulls,Milwaukee Bucks
92,2023-11-13,Cleveland Cavaliers,Sacramento Kings
93,2023-11-14,Miami Heat,Charlotte Hornets
94,2023-11-14,Atlanta Hawks,Detroit Pistons
95,2023-11-14,Indiana Pacers,Philadelphia 76ers
96,2023-11-14,Orlando Magic,Brooklyn Nets
97,2023-11-14,San Antonio Spurs,Oklahoma City Thunder
98,2023-11-14,Dallas Mavericks,New Orleans Pelicans
99,2023-11-14,Portland Trail Blazers,Utah Jazz
100,2023-11-14,Los Angeles Clippers,Denver Nuggets
101,2023-11-14,Minnesota Timberwolves,Golden State Warriors
102,2023-11-14,Memphis Grizzlies,Los Angeles Lakers
103,2023-11-15,Dallas Mavericks,Washington Wizards
104,2023-11-15,New York Knicks,Atlanta Hawks
105,2023-11-15,Boston Celtics,Philadelphia 76ers
106,2023-11-15,Milwaukee Bucks,Toronto Raptors
107,2023-11-15,Orlando Magic,Chicago Bulls
108,2023-11-15,Minnesota Timberwolves,Phoenix Suns
109,2023-11-15,Sacramento Kings,Los Angeles Lakers
110,2023-11-15,Cleveland Cavaliers,Portland Trail Blazers
111,2023-11-16,Brooklyn Nets,Miami Heat
112,2023-11-16,Oklahoma City Thunder,Golden State Warriors
113,2023-11-17,Milwaukee Bucks,Charlotte Hornets
114,2023-11-17,New York Knicks,Washington Wizards
115,2023-11-17,Philadelphia 76ers,Atlanta Hawks
116,2023-11-17,Detroit Pistons,Cleveland Cavaliers
117,2023-11-17,Sacramento Kings,San Antonio Spurs
118,2023-11-17,Boston Celtics,Toronto Raptors
119,2023-11-17,Orlando Magic,Chicago Bulls
120,2023-11-17,Denver Nuggets,New Orleans Pelicans
121,2023-11-17,Los Angeles Lakers,Portland Trail Blazers
122,2023-11-17,Phoenix Suns,Utah Jazz
123,2023-11-17,Houston Rockets,Los Angeles Clippers
124,2023-11-18,New York Knicks,Charlotte Hornets
125,2023-11-18,Minnesota Timberwolves,New Orleans Pelicans
126,2023-11-18,Miami Heat,Chicago Bulls
127,2023-11-18,Dallas Mavericks,Milwaukee Bucks
128,2023-11-18,Memphis Grizzlies,San Antonio Spurs
129,2023-11-18,Oklahoma City Thunder,Golden State Warriors
130,2023-11-19,Philadelphia 76ers,Brooklyn Nets
131,2023-11-19,Detroit Pistons,Toronto Raptors
132,2023-11-19,Orlando Magic,Indiana Pacers
133,2023-11-19,Denver Nuggets,Cleveland Cavaliers
134,2023-11-19,Sacramento Kings,Dallas Mavericks
135,2023-11-19,Boston Celtics,Memphis Grizzlies
136,2023-11-19,Phoenix Suns,Utah Jazz
137,2023-11-19,Oklahoma City Thunder,Portland Trail Blazers
138,2023-11-19,Houston Rockets,Los Angeles Lakers
139,2023-11-20,Boston Celtics,Charlotte Hornets
140,2023-11-20,Denver Nuggets,Detroit Pistons
141,2023-11-20,Milwaukee Bucks,Washington Wizards
142,2023-11-20,Miami Heat,Chicago Bulls
143,2023-11-20,New York Knicks,Minnesota Timberwolves
144,2023-11-20,Sacramento Kings,New Orleans Pelicans
145,2023-11-20,Los Angeles Clippers,San Antonio Spurs
146,2023-11-20,Houston Rockets,Golden State Warriors
147,2023-11-21,Toronto Raptors,Orlando Magic
148,2023-11-21,Indiana Pacers,Atlanta Hawks
149,2023-11-21,Cleveland Cavaliers,Philadelphia 76ers
150,2023-11-21,Portland Trail Blazers,Phoenix Suns
151,2023-11-21,Utah Jazz,Los Angeles Lakers
152,2023-11-22,Washington Wizards,Charlotte Hornets
153,2023-11-22,Denver Nuggets,Orlando Magic
154,2023-11-22,Brooklyn Nets,Atlanta Hawks
155,2023-11-22,Milwaukee Bucks,Boston Celtics
156,2023-11-22,Miami Heat,Cleveland Cavaliers
157,2023-11-22,Toronto Raptors,Indiana Pacers
158,2023-11-22,Memphis Grizzlies,Houston Rockets
159,2023-11-22,Philadelphia 76ers,Minnesota Timberwolves
160,2023-11-22,Sacramento Kings,New Orleans Pelicans
161,2023-11-22,Chicago Bulls,Oklahoma City Thunder
162,2023-11-22,Los Angeles Clippers,San Antonio Spurs
163,2023-11-22,Golden State Warriors,Phoenix Suns
164,2023-11-22,Utah Jazz,Portland Trail Blazers
165,2023-11-22,Dallas Mavericks,Los Angeles Lakers
166,2023-11-24,Boston Celtics,Orlando Magic
167,2023-11-24,Phoenix Suns,Memphis Grizzlies
168,2023-11-24,Miami Heat,New York Knicks
169,2023-11-24,Chicago Bulls,Toronto Raptors
170,2023-11-24,Denver Nuggets,Houston Rockets
171,2023-11-24,Detroit Pistons,Indiana Pacers
172,2023-11-24,Washington Wizards,Milwaukee Bucks
173,2023-11-24,Sacramento Kings,Minnesota Timberwolves
174,2023-11-24,San Antonio Spurs,Golden State Warriors
175,2023-11-24,New Orleans Pelicans,Los Angeles Clippers
176,2023-11-25,Philadelphia 76ers,Oklahoma City Thunder
177,2023-11-25,Miami Heat,Brooklyn Nets
178,2023-11-25,Atlanta Hawks,Washington Wizards
179,2023-11-25,Los Angeles Lakers,Cleveland Cavaliers
180,2023-11-25,New Orleans Pelicans,Utah Jazz
181,2023-11-25,Dallas Mavericks,Los Angeles Clippers
182,2023-11-26,Portland Trail Blazers,Milwaukee Bucks
183,2023-11-26,Atlanta Hawks,Boston Celtics
184,2023-11-26,Minnesota Timberwolves,Memphis Grizzlies
185,2023-11-26,Phoenix Suns,New York Knicks
186,2023-11-26,Charlotte Hornets,Orlando Magic
187,2023-11-26,Chicago Bulls,Brooklyn Nets
188,2023-11-26,Toronto Raptors,Cleveland Cavaliers
189,2023-11-26,San Antonio Spurs,Denver Nuggets
190,2023-11-27,Washington Wizards,Detroit Pistons
191,2023-11-27,Portland Trail Blazers,Indiana Pacers
192,2023-11-27,Los Angeles Lakers,Philadelphia 76ers
193,2023-11-27,New Orleans Pelicans,Utah Jazz
194,2023-11-27,Denver Nuggets,Los Angeles Clippers
195,2023-11-28,Chicago Bulls,Boston Celtics
196,2023-11-28,Toronto Raptors,Brooklyn Nets
197,2023-11-28,Atlanta Hawks,Cleveland Cavaliers
198,2023-11-28,Milwaukee Bucks,Miami Heat
199,2023-11-28,Charlotte Hornets,New York Knicks
200,2023-11-28,Oklahoma City Thunder,Minnesota Timberwolves
201,2023-11-28,Houston Rockets,Dallas Mavericks
202,2023-11-28,Golden State Warriors,Sacramento Kings
203,2023-11-29,Los Angeles Lakers,Detroit Pistons
204,2023-11-29,Washington Wizards,Orlando Magic
205,2023-11-29,Phoenix Suns,Toronto Raptors
206,2023-11-29,Utah Jazz,Memphis Grizzlies
207,2023-11-29,Philadelphia 76ers,New Orleans Pelicans
208,2023-11-29,Houston Rockets,Denver Nuggets
209,2023-11-29,Los Angeles Clippers,Sacramento Kings
210,2023-11-30,Portland Trail Blazers,Cleveland Cavaliers
211,2023-11-30,Charlotte Hornets,Brooklyn Nets
212,2023-11-30,Indiana Pacers,Miami Heat
213,2023-11-30,Detroit Pistons,New York Knicks
214,2023-11-30,Milwaukee Bucks,Chicago Bulls
215,2023-11-30,Utah Jazz,Minnesota Timberwolves
216,2023-11-30,Los Angeles Lakers,Oklahoma City Thunder
217,2023-11-30,Atlanta Hawks,San Antonio Spurs
218,2023-11-30,Los Angeles Clippers,Golden State Warriors
0,2023-12-01,Washington Wizards,Orlando Magic
1,2023-12-01,Philadelphia 76ers,Boston Celtics
2,2023-12-01,Memphis Grizzlies,Dallas Mavericks
3,2023-12-01,New York Knicks,Toronto Raptors
4,2023-12-01,San Antonio Spurs,New Orleans Pelicans
5,2023-12-01,Denver Nuggets,Phoenix Suns
6,2023-12-02,Golden State Warriors,Los Angeles Clippers
7,2023-12-02,Minnesota Timberwolves,Charlotte Hornets
8,2023-12-02,Orlando Magic,Brooklyn Nets
9,2023-12-02,Cleveland Cavaliers,Detroit Pistons
10,2023-12-02,New Orleans Pelicans,Chicago Bulls
11,2023-12-02,Indiana Pacers,Miami Heat
12,2023-12-02,Atlanta Hawks,Milwaukee Bucks
13,2023-12-02,Oklahoma City Thunder,Dallas Mavericks
14,2023-12-02,Memphis Grizzlies,Phoenix Suns
15,2023-12-02,Portland Trail Blazers,Utah Jazz
16,2023-12-02,Denver Nuggets,Sacramento Kings
17,2023-12-02,Houston Rockets,Los Angeles Lakers
18,2023-12-04,Boston Celtics,Indiana Pacers
19,2023-12-04,New Orleans Pelicans,Sacramento Kings
20,2023-12-05,New York Knicks,Milwaukee Bucks
21,2023-12-05,Phoenix Suns,Los Angeles Lakers
22,2023-12-06,Orlando Magic,Cleveland Cavaliers
23,2023-12-06,Memphis Grizzlies,Detroit Pistons
24,2023-12-06,Philadelphia 76ers,Washington Wizards
25,2023-12-06,Brooklyn Nets,Atlanta Hawks
26,2023-12-06,San Antonio Spurs,Minnesota Timberwolves
27,2023-12-06,Miami Heat,Toronto Raptors
28,2023-12-06,Charlotte Hornets,Chicago Bulls
29,2023-12-06,Oklahoma City Thunder,Houston Rockets
30,2023-12-06,Utah Jazz,Dallas Mavericks
31,2023-12-06,Portland Trail Blazers,Golden State Warriors
32,2023-12-06,Denver Nuggets,Los Angeles Clippers
33,2023-12-07,Indiana Pacers,Milwaukee Bucks
34,2023-12-07,New Orleans Pelicans,Los Angeles Lakers
35,2023-12-08,Toronto Raptors,Charlotte Hornets
36,2023-12-08,Detroit Pistons,Orlando Magic
37,2023-12-08,Atlanta Hawks,Philadelphia 76ers
38,2023-12-08,New York Knicks,Boston Celtics
39,2023-12-08,Washington Wizards,Brooklyn Nets
40,2023-12-08,Minnesota Timberwolves,Memphis Grizzlies
41,2023-12-08,Cleveland Cavaliers,Miami Heat
42,2023-12-08,Golden State Warriors,Oklahoma City Thunder
43,2023-12-08,Chicago Bulls,San Antonio Spurs
44,2023-12-08,Houston Rockets,Denver Nuggets
45,2023-12-08,Sacramento Kings,Phoenix Suns
46,2023-12-08,Dallas Mavericks,Portland Trail Blazers
47,2023-12-08,Los Angeles Clippers,Utah Jazz
48,2023-12-09,Indiana Pacers,Los Angeles Lakers
49,2023-12-11,Miami Heat,Charlotte Hornets
50,2023-12-11,Indiana Pacers,Detroit Pistons
51,2023-12-11,Cleveland Cavaliers,Orlando Magic
52,2023-12-11,Washington Wizards,Philadelphia 76ers
53,2023-12-11,Denver Nuggets,Atlanta Hawks
54,2023-12-11,Toronto Raptors,New York Knicks
55,2023-12-11,San Antonio Spurs,Houston Rockets
56,2023-12-11,Dallas Mavericks,Memphis Grizzlies
57,2023-12-11,Chicago Bulls,Milwaukee Bucks
58,2023-12-11,Minnesota Timberwolves,New Orleans Pelicans
59,2023-12-11,Utah Jazz,Oklahoma City Thunder
60,2023-12-11,Brooklyn Nets,Sacramento Kings
61,2023-12-11,Portland Trail Blazers,Los Angeles Clippers
62,2023-12-12,Cleveland Cavaliers,Boston Celtics
63,2023-12-12,Los Angeles Lakers,Dallas Mavericks
64,2023-12-12,Denver Nuggets,Chicago Bulls
65,2023-12-12,Golden State Warriors,Phoenix Suns
66,2023-12-12,Sacramento Kings,Los Angeles Clippers
67,2023-12-13,Philadelphia 76ers,Detroit Pistons
68,2023-12-13,New Orleans Pelicans,Washington Wizards
69,2023-12-13,Charlotte Hornets,Miami Heat
70,2023-12-13,Atlanta Hawks,Toronto Raptors
71,2023-12-13,Memphis Grizzlies,Houston Rockets
72,2023-12-13,Indiana Pacers,Milwaukee Bucks
73,2023-12-13,Los Angeles Lakers,San Antonio Spurs
74,2023-12-13,Brooklyn Nets,Phoenix Suns
75,2023-12-13,New York Knicks,Utah Jazz
76,2023-12-14,Cleveland Cavaliers,Boston Celtics
77,2023-12-14,Chicago Bulls,Miami Heat
78,2023-12-14,Minnesota Timberwolves,Dallas Mavericks
79,2023-12-14,Brooklyn Nets,Denver Nuggets
80,2023-12-14,Utah Jazz,Portland Trail Blazers
81,2023-12-14,Oklahoma City Thunder,Sacramento Kings
82,2023-12-14,Golden State Warriors,Los Angeles Clippers
83,2023-12-15,New Orleans Pelicans,Charlotte Hornets
84,2023-12-15,Detroit Pistons,Philadelphia 76ers
85,2023-12-15,Indiana Pacers,Washington Wizards
86,2023-12-15,Orlando Magic,Boston Celtics
87,2023-12-15,Los Angeles Lakers,San Antonio Spurs
88,2023-12-15,Atlanta Hawks,Toronto Raptors
89,2023-12-15,Houston Rockets,Memphis Grizzlies
90,2023-12-15,New York Knicks,Phoenix Suns
91,2023-12-16,Detroit Pistons,Milwaukee Bucks
92,2023-12-16,Philadelphia 76ers,Charlotte Hornets
93,2023-12-16,Atlanta Hawks,Cleveland Cavaliers
94,2023-12-16,Chicago Bulls,Miami Heat
95,2023-12-16,Indiana Pacers,Minnesota Timberwolves
96,2023-12-16,Brooklyn Nets,Golden State Warriors
97,2023-12-16,Oklahoma City Thunder,Denver Nuggets
98,2023-12-16,Dallas Mavericks,Portland Trail Blazers
99,2023-12-16,Utah Jazz,Sacramento Kings
100,2023-12-16,New York Knicks,Los Angeles Clippers
101,2023-12-17,Orlando Magic,Boston Celtics
102,2023-12-17,New Orleans Pelicans,San Antonio Spurs
103,2023-12-17,Houston Rockets,Milwaukee Bucks
104,2023-12-17,Washington Wizards,Phoenix Suns
105,2023-12-17,Golden State Warriors,Portland Trail Blazers
106,2023-12-18,Houston Rockets,Cleveland Cavaliers
107,2023-12-18,Los Angeles Clippers,Indiana Pacers
108,2023-12-18,Chicago Bulls,Philadelphia 76ers
109,2023-12-18,Detroit Pistons,Atlanta Hawks
110,2023-12-18,Minnesota Timberwolves,Miami Heat
111,2023-12-18,Charlotte Hornets,Toronto Raptors
112,2023-12-18,Memphis Grizzlies,Oklahoma City Thunder
113,2023-12-18,Dallas Mavericks,Denver Nuggets
114,2023-12-18,Brooklyn Nets,Utah Jazz
115,2023-12-18,Washington Wizards,Sacramento Kings
116,2023-12-18,New York Knicks,Los Angeles Lakers
117,2023-12-19,Memphis Grizzlies,New Orleans Pelicans
118,2023-12-19,San Antonio Spurs,Milwaukee Bucks
119,2023-12-19,Boston Celtics,Golden State Warriors
120,2023-12-19,Phoenix Suns,Portland Trail Blazers
121,2023-12-20,Utah Jazz,Cleveland Cavaliers
122,2023-12-20,Charlotte Hornets,Indiana Pacers
123,2023-12-20,Miami Heat,Orlando Magic
124,2023-12-20,Minnesota Timberwolves,Philadelphia 76ers
125,2023-12-20,New York Knicks,Brooklyn Nets
126,2023-12-20,Denver Nuggets,Toronto Raptors
127,2023-12-20,Los Angeles Lakers,Chicago Bulls
128,2023-12-20,Atlanta Hawks,Houston Rockets
129,2023-12-20,Los Angeles Clippers,Dallas Mavericks
130,2023-12-20,Boston Celtics,Sacramento Kings
131,2023-12-21,Utah Jazz,Detroit Pistons
132,2023-12-21,New Orleans Pelicans,Cleveland Cavaliers
133,2023-12-21,San Antonio Spurs,Chicago Bulls
134,2023-12-21,Indiana Pacers,Memphis Grizzlies
135,2023-12-21,Orlando Magic,Milwaukee Bucks
136,2023-12-21,Los Angeles Clippers,Oklahoma City Thunder
137,2023-12-21,Los Angeles Lakers,Minnesota Timberwolves
138,2023-12-21,Washington Wizards,Portland Trail Blazers
139,2023-12-22,Toronto Raptors,Philadelphia 76ers
140,2023-12-22,Denver Nuggets,Brooklyn Nets
141,2023-12-22,Dallas Mavericks,Houston Rockets
142,2023-12-22,Atlanta Hawks,Miami Heat
143,2023-12-22,Washington Wizards,Golden State Warriors
144,2023-12-22,Phoenix Suns,Sacramento Kings
145,2023-12-23,Milwaukee Bucks,New York Knicks
146,2023-12-23,Boston Celtics,Los Angeles Clippers
147,2023-12-23,Denver Nuggets,Charlotte Hornets
148,2023-12-23,Orlando Magic,Indiana Pacers
149,2023-12-23,Houston Rockets,New Orleans Pelicans
150,2023-12-23,Memphis Grizzlies,Atlanta Hawks
151,2023-12-23,Detroit Pistons,Brooklyn Nets
152,2023-12-23,Utah Jazz,Toronto Raptors
153,2023-12-23,Cleveland Cavaliers,Chicago Bulls
154,2023-12-23,Los Angeles Lakers,Oklahoma City Thunder
155,2023-12-23,San Antonio Spurs,Dallas Mavericks
156,2023-12-23,Portland Trail Blazers,Golden State Warriors
157,2023-12-23,Minnesota Timberwolves,Sacramento Kings
158,2023-12-25,Milwaukee Bucks,New York Knicks
159,2023-12-25,Golden State Warriors,Denver Nuggets
160,2023-12-25,Boston Celtics,Los Angeles Lakers
161,2023-12-25,Philadelphia 76ers,Miami Heat
162,2023-12-25,Dallas Mavericks,Phoenix Suns
163,2023-12-26,Brooklyn Nets,Detroit Pistons
164,2023-12-26,Orlando Magic,Washington Wizards
165,2023-12-26,Atlanta Hawks,Chicago Bulls
166,2023-12-26,Indiana Pacers,Houston Rockets
167,2023-12-26,Memphis Grizzlies,New Orleans Pelicans
168,2023-12-26,Minnesota Timberwolves,Oklahoma City Thunder
169,2023-12-26,Utah Jazz,San Antonio Spurs
170,2023-12-26,Sacramento Kings,Portland Trail Blazers
171,2023-12-26,Charlotte Hornets,Los Angeles Clippers
172,2023-12-27,Philadelphia 76ers,Orlando Magic
173,2023-12-27,Toronto Raptors,Washington Wizards
174,2023-12-27,Milwaukee Bucks,Brooklyn Nets
175,2023-12-27,Phoenix Suns,Houston Rockets
176,2023-12-27,New York Knicks,Oklahoma City Thunder
177,2023-12-27,Cleveland Cavaliers,Dallas Mavericks
178,2023-12-28,Detroit Pistons,Boston Celtics
179,2023-12-28,Indiana Pacers,Chicago Bulls
180,2023-12-28,Dallas Mavericks,Minnesota Timberwolves
181,2023-12-28,Utah Jazz,New Orleans Pelicans
182,2023-12-28,Memphis Grizzlies,Denver Nuggets
183,2023-12-28,Miami Heat,Golden State Warriors
184,2023-12-28,San Antonio Spurs,Portland Trail Blazers
185,2023-12-28,Charlotte Hornets,Los Angeles Lakers
186,2023-12-29,New York Knicks,Orlando Magic
187,2023-12-29,Brooklyn Nets,Washington Wizards
188,2023-12-29,Sacramento Kings,Atlanta Hawks
189,2023-12-29,Toronto Raptors,Boston Celtics
190,2023-12-29,Milwaukee Bucks,Cleveland Cavaliers
191,2023-12-29,Philadelphia 76ers,Houston Rockets
192,2023-12-29,Oklahoma City Thunder,Denver Nuggets
193,2023-12-29,Charlotte Hornets,Phoenix Suns
194,2023-12-29,San Antonio Spurs,Portland Trail Blazers
195,2023-12-29,Memphis Grizzlies,Los Angeles Clippers
196,2023-12-30,Miami Heat,Utah Jazz
197,2023-12-30,Toronto Raptors,Detroit Pistons
198,2023-12-30,New York Knicks,Indiana Pacers
199,2023-12-30,Philadelphia 76ers,Chicago Bulls
200,2023-12-30,Los Angeles Lakers,Minnesota Timberwolves
201,2023-12-30,Dallas Mavericks,Golden State Warriors
202,2023-12-31,Atlanta Hawks,Washington Wizards
203,2023-12-31,Los Angeles Lakers,New Orleans Pelicans
204,2023-12-31,Brooklyn Nets,Oklahoma City Thunder
205,2023-12-31,Boston Celtics,San Antonio Spurs
206,2023-12-31,Sacramento Kings,Memphis Grizzlies
207,2023-12-31,Orlando Magic,Phoenix Suns
0,2024-01-01,Minnesota Timberwolves,New York Knicks
1,2024-01-01,Cleveland Cavaliers,Toronto Raptors
2,2024-01-01,Detroit Pistons,Houston Rockets
3,2024-01-01,Indiana Pacers,Milwaukee Bucks
4,2024-01-01,Charlotte Hornets,Denver Nuggets
5,2024-01-01,Portland Trail Blazers,Phoenix Suns
6,2024-01-01,Dallas Mavericks,Utah Jazz
7,2024-01-01,Miami Heat,Los Angeles Clippers
8,2024-01-02,Chicago Bulls,Philadelphia 76ers
9,2024-01-02,San Antonio Spurs,Memphis Grizzlies
10,2024-01-02,Brooklyn Nets,New Orleans Pelicans
11,2024-01-02,Boston Celtics,Oklahoma City Thunder
12,2024-01-02,Orlando Magic,Golden State Warriors
13,2024-01-02,Charlotte Hornets,Sacramento Kings
14,2024-01-03,Washington Wizards,Cleveland Cavaliers
15,2024-01-03,Milwaukee Bucks,Indiana Pacers
16,2024-01-03,Oklahoma City Thunder,Atlanta Hawks
17,2024-01-03,Brooklyn Nets,Houston Rockets
18,2024-01-03,Toronto Raptors,Memphis Grizzlies
19,2024-01-03,New Orleans Pelicans,Minnesota Timberwolves
20,2024-01-03,Portland Trail Blazers,Dallas Mavericks
21,2024-01-03,Chicago Bulls,New York Knicks
22,2024-01-03,Los Angeles Clippers,Phoenix Suns
23,2024-01-03,Detroit Pistons,Utah Jazz
24,2024-01-03,Miami Heat,Los Angeles Lakers
25,2024-01-03,Orlando Magic,Sacramento Kings
26,2024-01-04,Milwaukee Bucks,San Antonio Spurs
27,2024-01-04,Denver Nuggets,Golden State Warriors
28,2024-01-05,Utah Jazz,Boston Celtics
29,2024-01-05,Atlanta Hawks,Indiana Pacers
30,2024-01-05,Oklahoma City Thunder,Brooklyn Nets
31,2024-01-05,Washington Wizards,Cleveland Cavaliers
32,2024-01-05,New York Knicks,Philadelphia 76ers
33,2024-01-05,Charlotte Hornets,Chicago Bulls
34,2024-01-05,Minnesota Timberwolves,Houston Rockets
35,2024-01-05,Los Angeles Clippers,New Orleans Pelicans
36,2024-01-05,Portland Trail Blazers,Dallas Mavericks
37,2024-01-05,Orlando Magic,Denver Nuggets
38,2024-01-05,Miami Heat,Phoenix Suns
39,2024-01-05,Detroit Pistons,Golden State Warriors
40,2024-01-05,Memphis Grizzlies,Los Angeles Lakers
41,2024-01-05,Toronto Raptors,Sacramento Kings
42,2024-01-06,Boston Celtics,Indiana Pacers
43,2024-01-06,New York Knicks,Washington Wizards
44,2024-01-06,Utah Jazz,Philadelphia 76ers
45,2024-01-06,Milwaukee Bucks,Houston Rockets
46,2024-01-07,San Antonio Spurs,Cleveland Cavaliers
47,2024-01-07,Portland Trail Blazers,Brooklyn Nets
48,2024-01-07,Atlanta Hawks,Orlando Magic
49,2024-01-07,New Orleans Pelicans,Sacramento Kings
50,2024-01-07,Minnesota Timberwolves,Dallas Mavericks
51,2024-01-07,Detroit Pistons,Denver Nuggets
52,2024-01-07,Memphis Grizzlies,Phoenix Suns
53,2024-01-07,Toronto Raptors,Golden State Warriors
54,2024-01-07,Los Angeles Clippers,Los Angeles Lakers
55,2024-01-08,Chicago Bulls,Charlotte Hornets
56,2024-01-08,Boston Celtics,Indiana Pacers
57,2024-01-08,Oklahoma City Thunder,Washington Wizards
58,2024-01-08,Houston Rockets,Miami Heat
59,2024-01-08,Utah Jazz,Milwaukee Bucks
60,2024-01-08,Phoenix Suns,Los Angeles Clippers
61,2024-01-09,Sacramento Kings,Detroit Pistons
62,2024-01-09,Minnesota Timberwolves,Orlando Magic
63,2024-01-09,Portland Trail Blazers,New York Knicks
64,2024-01-09,Memphis Grizzlies,Dallas Mavericks
65,2024-01-09,Toronto Raptors,Los Angeles Lakers
66,2024-01-10,Minnesota Timberwolves,Boston Celtics
67,2024-01-10,Sacramento Kings,Charlotte Hornets
68,2024-01-10,San Antonio Spurs,Detroit Pistons
69,2024-01-10,Washington Wizards,Indiana Pacers
70,2024-01-10,Philadelphia 76ers,Atlanta Hawks
71,2024-01-10,Oklahoma City Thunder,Miami Heat
72,2024-01-10,Houston Rockets,Chicago Bulls
73,2024-01-10,New Orleans Pelicans,Golden State Warriors
74,2024-01-10,Denver Nuggets,Utah Jazz
75,2024-01-10,Toronto Raptors,Los Angeles Clippers
76,2024-01-11,Brooklyn Nets,Cleveland Cavaliers
77,2024-01-11,Boston Celtics,Milwaukee Bucks
78,2024-01-11,Portland Trail Blazers,Oklahoma City Thunder
79,2024-01-11,New York Knicks,Dallas Mavericks
80,2024-01-11,Phoenix Suns,Los Angeles Lakers
81,2024-01-12,Indiana Pacers,Atlanta Hawks
82,2024-01-12,Houston Rockets,Detroit Pistons
83,2024-01-12,Sacramento Kings,Philadelphia 76ers
84,2024-01-12,Golden State Warriors,Chicago Bulls
85,2024-01-12,Los Angeles Clippers,Memphis Grizzlies
86,2024-01-12,Orlando Magic,Miami Heat
87,2024-01-12,Portland Trail Blazers,Minnesota Timberwolves
88,2024-01-12,Charlotte Hornets,San Antonio Spurs
89,2024-01-12,Toronto Raptors,Utah Jazz
90,2024-01-12,New Orleans Pelicans,Denver Nuggets
91,2024-01-13,Houston Rockets,Boston Celtics
92,2024-01-13,Washington Wizards,Atlanta Hawks
93,2024-01-13,New York Knicks,Memphis Grizzlies
94,2024-01-13,Golden State Warriors,Milwaukee Bucks
95,2024-01-13,Orlando Magic,Oklahoma City Thunder
96,2024-01-13,New Orleans Pelicans,Dallas Mavericks
97,2024-01-13,Chicago Bulls,San Antonio Spurs
98,2024-01-13,Los Angeles Lakers,Utah Jazz
99,2024-01-14,Indiana Pacers,Denver Nuggets
100,2024-01-14,Charlotte Hornets,Miami Heat
101,2024-01-14,Sacramento Kings,Milwaukee Bucks
102,2024-01-14,Los Angeles Clippers,Minnesota Timberwolves
103,2024-01-14,Phoenix Suns,Portland Trail Blazers
104,2024-01-15,Houston Rockets,Philadelphia 76ers
105,2024-01-15,New Orleans Pelicans,Dallas Mavericks
106,2024-01-15,Orlando Magic,New York Knicks
107,2024-01-15,Detroit Pistons,Washington Wizards
108,2024-01-15,San Antonio Spurs,Atlanta Hawks
109,2024-01-15,Golden State Warriors,Memphis Grizzlies
110,2024-01-15,Chicago Bulls,Cleveland Cavaliers
111,2024-01-15,Miami Heat,Brooklyn Nets
112,2024-01-15,Boston Celtics,Toronto Raptors
113,2024-01-15,Indiana Pacers,Utah Jazz
114,2024-01-15,Oklahoma City Thunder,Los Angeles Lakers
115,2024-01-16,Denver Nuggets,Philadelphia 76ers
116,2024-01-16,Sacramento Kings,Phoenix Suns
117,2024-01-16,Oklahoma City Thunder,Los Angeles Clippers
118,2024-01-17,Minnesota Timberwolves,Detroit Pistons
119,2024-01-17,Orlando Magic,Atlanta Hawks
120,2024-01-17,San Antonio Spurs,Boston Celtics
121,2024-01-17,Milwaukee Bucks,Cleveland Cavaliers
122,2024-01-17,Houston Rockets,New York Knicks
123,2024-01-17,Miami Heat,Toronto Raptors
124,2024-01-17,Charlotte Hornets,New Orleans Pelicans
125,2024-01-17,Dallas Mavericks,Los Angeles Lakers
126,2024-01-17,Brooklyn Nets,Portland Trail Blazers
127,2024-01-18,Washington Wizards,New York Knicks
128,2024-01-18,Chicago Bulls,Toronto Raptors
129,2024-01-18,Oklahoma City Thunder,Utah Jazz
130,2024-01-18,Memphis Grizzlies,Minnesota Timberwolves
131,2024-01-18,Indiana Pacers,Sacramento Kings
132,2024-01-19,San Antonio Spurs,Charlotte Hornets
133,2024-01-19,Philadelphia 76ers,Orlando Magic
134,2024-01-19,Denver Nuggets,Boston Celtics
135,2024-01-19,Atlanta Hawks,Miami Heat
136,2024-01-19,Phoenix Suns,New Orleans Pelicans
137,2024-01-19,Indiana Pacers,Portland Trail Blazers
138,2024-01-19,Brooklyn Nets,Los Angeles Lakers
139,2024-01-20,Milwaukee Bucks,Detroit Pistons
140,2024-01-20,Philadelphia 76ers,Charlotte Hornets
141,2024-01-20,San Antonio Spurs,Washington Wizards
142,2024-01-20,Cleveland Cavaliers,Atlanta Hawks
143,2024-01-20,Toronto Raptors,New York Knicks
144,2024-01-20,Memphis Grizzlies,Chicago Bulls
145,2024-01-20,Utah Jazz,Houston Rockets
146,2024-01-20,Oklahoma City Thunder,Minnesota Timberwolves
147,2024-01-21,Brooklyn Nets,Los Angeles Clippers
148,2024-01-21,Miami Heat,Orlando Magic
149,2024-01-21,Denver Nuggets,Washington Wizards
150,2024-01-21,Boston Celtics,Houston Rockets
151,2024-01-21,Indiana Pacers,Phoenix Suns
152,2024-01-21,Portland Trail Blazers,Los Angeles Lakers
153,2024-01-22,Milwaukee Bucks,Detroit Pistons
154,2024-01-22,Cleveland Cavaliers,Orlando Magic
155,2024-01-22,San Antonio Spurs,Philadelphia 76ers
156,2024-01-22,Memphis Grizzlies,Toronto Raptors
157,2024-01-22,Charlotte Hornets,Minnesota Timberwolves
158,2024-01-22,Boston Celtics,Dallas Mavericks
159,2024-01-22,Chicago Bulls,Phoenix Suns
160,2024-01-22,Atlanta Hawks,Sacramento Kings
161,2024-01-23,Denver Nuggets,Indiana Pacers
162,2024-01-23,New York Knicks,Brooklyn Nets
163,2024-01-23,Utah Jazz,New Orleans Pelicans
164,2024-01-23,Portland Trail Blazers,Oklahoma City Thunder
165,2024-01-23,Los Angeles Lakers,Los Angeles Clippers
166,2024-01-24,Charlotte Hornets,Detroit Pistons
167,2024-01-24,Minnesota Timberwolves,Washington Wizards
168,2024-01-24,Memphis Grizzlies,Miami Heat
169,2024-01-24,Portland Trail Blazers,Houston Rockets
170,2024-01-24,Cleveland Cavaliers,Milwaukee Bucks
171,2024-01-24,Phoenix Suns,Dallas Mavericks
172,2024-01-24,Oklahoma City Thunder,San Antonio Spurs
173,2024-01-24,Atlanta Hawks,Golden State Warriors
174,2024-01-25,Philadelphia 76ers,Indiana Pacers
175,2024-01-25,Utah Jazz,Washington Wizards
176,2024-01-25,Minnesota Timberwolves,Brooklyn Nets
177,2024-01-25,Boston Celtics,Miami Heat
178,2024-01-25,Denver Nuggets,New York Knicks
179,2024-01-25,Sacramento Kings,Golden State Warriors
180,2024-01-25,Chicago Bulls,Los Angeles Lakers
181,2024-01-26,Dallas Mavericks,Atlanta Hawks
182,2024-01-26,Houston Rockets,Charlotte Hornets
183,2024-01-26,Phoenix Suns,Indiana Pacers
184,2024-01-26,Los Angeles Clippers,Toronto Raptors
185,2024-01-26,Orlando Magic,Memphis Grizzlies
186,2024-01-26,Cleveland Cavaliers,Milwaukee Bucks
187,2024-01-26,Oklahoma City Thunder,New Orleans Pelicans
188,2024-01-26,Portland Trail Blazers,San Antonio Spurs
189,2024-01-27,Washington Wizards,Detroit Pistons
190,2024-01-27,Miami Heat,New York Knicks
191,2024-01-27,Philadelphia 76ers,Denver Nuggets
192,2024-01-27,Houston Rockets,Brooklyn Nets
193,2024-01-27,Los Angeles Clippers,Boston Celtics
194,2024-01-27,Utah Jazz,Charlotte Hornets
195,2024-01-27,New Orleans Pelicans,Milwaukee Bucks
196,2024-01-27,Los Angeles Lakers,Golden State Warriors
197,2024-01-27,Minnesota Timberwolves,San Antonio Spurs
198,2024-01-27,Sacramento Kings,Dallas Mavericks
199,2024-01-28,Oklahoma City Thunder,Detroit Pistons
200,2024-01-28,Memphis Grizzlies,Indiana Pacers
201,2024-01-28,Toronto Raptors,Atlanta Hawks
202,2024-01-28,Phoenix Suns,Orlando Magic
203,2024-01-28,Chicago Bulls,Portland Trail Blazers
204,2024-01-29,New York Knicks,Charlotte Hornets
205,2024-01-29,Los Angeles Clippers,Cleveland Cavaliers
206,2024-01-29,New Orleans Pelicans,Boston Celtics
207,2024-01-29,Utah Jazz,Brooklyn Nets
208,2024-01-29,Phoenix Suns,Miami Heat
209,2024-01-29,Los Angeles Lakers,Houston Rockets
210,2024-01-29,Sacramento Kings,Memphis Grizzlies
211,2024-01-29,Minnesota Timberwolves,Oklahoma City Thunder
212,2024-01-29,Washington Wizards,San Antonio Spurs
213,2024-01-29,Orlando Magic,Dallas Mavericks
214,2024-01-29,Milwaukee Bucks,Denver Nuggets
215,2024-01-29,Philadelphia 76ers,Portland Trail Blazers
216,2024-01-30,Los Angeles Lakers,Atlanta Hawks
217,2024-01-30,Indiana Pacers,Boston Celtics
218,2024-01-30,Utah Jazz,New York Knicks
219,2024-01-30,Toronto Raptors,Chicago Bulls
220,2024-01-30,Philadelphia 76ers,Golden State Warriors
221,2024-01-31,Chicago Bulls,Charlotte Hornets
222,2024-01-31,Detroit Pistons,Cleveland Cavaliers
223,2024-01-31,Los Angeles Clippers,Washington Wizards
224,2024-01-31,Sacramento Kings,Miami Heat
225,2024-01-31,New Orleans Pelicans,Houston Rockets
226,2024-01-31,Dallas Mavericks,Minnesota Timberwolves
227,2024-01-31,Denver Nuggets,Oklahoma City Thunder
228,2024-01-31,Orlando Magic,San Antonio Spurs
229,2024-01-31,Phoenix Suns,Brooklyn Nets
230,2024-01-31,Milwaukee Bucks,Portland Trail Blazers
0,2024-02-01,Los Angeles Lakers,Boston Celtics
1,2024-02-01,Indiana Pacers,New York Knicks
2,2024-02-01,Cleveland Cavaliers,Memphis Grizzlies
3,2024-02-01,Philadelphia 76ers,Utah Jazz
4,2024-02-02,Los Angeles Clippers,Detroit Pistons
5,2024-02-02,Miami Heat,Washington Wizards
6,2024-02-02,Phoenix Suns,Atlanta Hawks
7,2024-02-02,Sacramento Kings,Indiana Pacers
8,2024-02-02,Toronto Raptors,Houston Rockets
9,2024-02-02,Golden State Warriors,Memphis Grizzlies
10,2024-02-02,Orlando Magic,Minnesota Timberwolves
11,2024-02-02,Charlotte Hornets,Oklahoma City Thunder
12,2024-02-02,New Orleans Pelicans,San Antonio Spurs
13,2024-02-02,Portland Trail Blazers,Denver Nuggets
14,2024-02-03,Brooklyn Nets,Philadelphia 76ers
15,2024-02-03,Golden State Warriors,Atlanta Hawks
16,2024-02-03,Sacramento Kings,Chicago Bulls
17,2024-02-03,Milwaukee Bucks,Dallas Mavericks
18,2024-02-03,Los Angeles Lakers,New York Knicks
19,2024-02-03,Cleveland Cavaliers,San Antonio Spurs
20,2024-02-04,Orlando Magic,Detroit Pistons
21,2024-02-04,Phoenix Suns,Washington Wizards
22,2024-02-04,Memphis Grizzlies,Boston Celtics
23,2024-02-04,Indiana Pacers,Charlotte Hornets
24,2024-02-04,Los Angeles Clippers,Miami Heat
25,2024-02-04,Houston Rockets,Minnesota Timberwolves
26,2024-02-04,Toronto Raptors,Oklahoma City Thunder
27,2024-02-04,Milwaukee Bucks,Utah Jazz
28,2024-02-04,Portland Trail Blazers,Denver Nuggets
29,2024-02-05,Los Angeles Lakers,Charlotte Hornets
30,2024-02-05,Sacramento Kings,Cleveland Cavaliers
31,2024-02-05,Dallas Mavericks,Philadelphia 76ers
32,2024-02-05,Los Angeles Clippers,Atlanta Hawks
33,2024-02-05,Golden State Warriors,Brooklyn Nets
34,2024-02-05,Toronto Raptors,New Orleans Pelicans
35,2024-02-06,Houston Rockets,Indiana Pacers
36,2024-02-06,Dallas Mavericks,Brooklyn Nets
37,2024-02-06,Orlando Magic,Miami Heat
38,2024-02-06,Memphis Grizzlies,New York Knicks
39,2024-02-06,Minnesota Timberwolves,Chicago Bulls
40,2024-02-06,Oklahoma City Thunder,Utah Jazz
41,2024-02-06,Milwaukee Bucks,Phoenix Suns
42,2024-02-07,Toronto Raptors,Charlotte Hornets
43,2024-02-07,Cleveland Cavaliers,Washington Wizards
44,2024-02-07,Atlanta Hawks,Boston Celtics
45,2024-02-07,San Antonio Spurs,Miami Heat
46,2024-02-07,Golden State Warriors,Philadelphia 76ers
47,2024-02-07,New Orleans Pelicans,Los Angeles Clippers
48,2024-02-07,Detroit Pistons,Sacramento Kings
49,2024-02-08,Golden State Warriors,Indiana Pacers
50,2024-02-08,San Antonio Spurs,Orlando Magic
51,2024-02-08,Cleveland Cavaliers,Brooklyn Nets
52,2024-02-08,Dallas Mavericks,New York Knicks
53,2024-02-08,Chicago Bulls,Memphis Grizzlies
54,2024-02-08,Minnesota Timberwolves,Milwaukee Bucks
55,2024-02-08,Utah Jazz,Phoenix Suns
56,2024-02-08,Denver Nuggets,Los Angeles Lakers
57,2024-02-08,Detroit Pistons,Portland Trail Blazers
58,2024-02-09,Atlanta Hawks,Philadelphia 76ers
59,2024-02-09,Washington Wizards,Boston Celtics
60,2024-02-09,Houston Rockets,Toronto Raptors
61,2024-02-09,Charlotte Hornets,Milwaukee Bucks
62,2024-02-09,Denver Nuggets,Sacramento Kings
63,2024-02-09,New Orleans Pelicans,Los Angeles Lakers
64,2024-02-10,Oklahoma City Thunder,Dallas Mavericks
65,2024-02-10,Detroit Pistons,Los Angeles Clippers
66,2024-02-10,San Antonio Spurs,Brooklyn Nets
67,2024-02-10,Memphis Grizzlies,Charlotte Hornets
68,2024-02-10,Chicago Bulls,Orlando Magic
69,2024-02-10,Philadelphia 76ers,Washington Wizards
70,2024-02-10,Houston Rockets,Atlanta Hawks
71,2024-02-10,Indiana Pacers,New York Knicks
72,2024-02-10,Cleveland Cavaliers,Toronto Raptors
73,2024-02-10,Phoenix Suns,Golden State Warriors
74,2024-02-10,New Orleans Pelicans,Portland Trail Blazers
75,2024-02-11,Boston Celtics,Miami Heat
76,2024-02-11,Sacramento Kings,Oklahoma City Thunder
77,2024-02-12,Indiana Pacers,Charlotte Hornets
78,2024-02-12,Philadelphia 76ers,Cleveland Cavaliers
79,2024-02-12,Chicago Bulls,Atlanta Hawks
80,2024-02-12,San Antonio Spurs,Toronto Raptors
81,2024-02-12,New York Knicks,Houston Rockets
82,2024-02-12,New Orleans Pelicans,Memphis Grizzlies
83,2024-02-12,Denver Nuggets,Milwaukee Bucks
84,2024-02-12,Washington Wizards,Dallas Mavericks
85,2024-02-12,Golden State Warriors,Utah Jazz
86,2024-02-12,Minnesota Timberwolves,Los Angeles Clippers
87,2024-02-13,Boston Celtics,Brooklyn Nets
88,2024-02-13,Oklahoma City Thunder,Orlando Magic
89,2024-02-13,Miami Heat,Milwaukee Bucks
90,2024-02-13,Sacramento Kings,Phoenix Suns
91,2024-02-13,Minnesota Timberwolves,Portland Trail Blazers
92,2024-02-13,Detroit Pistons,Los Angeles Lakers
93,2024-02-14,Atlanta Hawks,Charlotte Hornets
94,2024-02-14,New York Knicks,Orlando Magic
95,2024-02-14,Miami Heat,Philadelphia 76ers
96,2024-02-14,Brooklyn Nets,Boston Celtics
97,2024-02-14,Chicago Bulls,Cleveland Cavaliers
98,2024-02-14,Indiana Pacers,Toronto Raptors
99,2024-02-14,Houston Rockets,Memphis Grizzlies
100,2024-02-14,Washington Wizards,New Orleans Pelicans
101,2024-02-14,San Antonio Spurs,Dallas Mavericks
102,2024-02-14,Sacramento Kings,Denver Nuggets
103,2024-02-14,Detroit Pistons,Phoenix Suns
104,2024-02-14,Los Angeles Lakers,Utah Jazz
105,2024-02-14,Los Angeles Clippers,Golden State Warriors
106,2024-02-15,Milwaukee Bucks,Memphis Grizzlies
107,2024-02-15,Golden State Warriors,Utah Jazz
108,2024-02-15,Minnesota Timberwolves,Portland Trail Blazers
109,2024-02-22,Orlando Magic,Cleveland Cavaliers
110,2024-02-22,Detroit Pistons,Indiana Pacers
111,2024-02-22,New York Knicks,Philadelphia 76ers
112,2024-02-22,Brooklyn Nets,Toronto Raptors
113,2024-02-22,Phoenix Suns,Dallas Mavericks
114,2024-02-22,Boston Celtics,Chicago Bulls
115,2024-02-22,Houston Rockets,New Orleans Pelicans
116,2024-02-22,Los Angeles Clippers,Oklahoma City Thunder
117,2024-02-22,Washington Wizards,Denver Nuggets
118,2024-02-22,Charlotte Hornets,Utah Jazz
119,2024-02-22,Los Angeles Lakers,Golden State Warriors
120,2024-02-22,San Antonio Spurs,Sacramento Kings
121,2024-02-23,Toronto Raptors,Atlanta Hawks
122,2024-02-23,Cleveland Cavaliers,Philadelphia 76ers
123,2024-02-23,Phoenix Suns,Houston Rockets
124,2024-02-23,Los Angeles Clippers,Memphis Grizzlies
125,2024-02-23,Miami Heat,New Orleans Pelicans
126,2024-02-23,Washington Wizards,Oklahoma City Thunder
127,2024-02-23,Charlotte Hornets,Golden State Warriors
128,2024-02-23,Milwaukee Bucks,Minnesota Timberwolves
129,2024-02-23,Denver Nuggets,Portland Trail Blazers
130,2024-02-23,San Antonio Spurs,Los Angeles Lakers
131,2024-02-24,Orlando Magic,Detroit Pistons
132,2024-02-24,Boston Celtics,New York Knicks
133,2024-02-24,Brooklyn Nets,Minnesota Timberwolves
134,2024-02-25,Milwaukee Bucks,Philadelphia 76ers
135,2024-02-25,Los Angeles Lakers,Phoenix Suns
136,2024-02-25,Dallas Mavericks,Indiana Pacers
137,2024-02-25,Cleveland Cavaliers,Washington Wizards
138,2024-02-25,Orlando Magic,Atlanta Hawks
139,2024-02-25,Denver Nuggets,Golden State Warriors
140,2024-02-25,Oklahoma City Thunder,Houston Rockets
141,2024-02-25,Chicago Bulls,New Orleans Pelicans
142,2024-02-25,San Antonio Spurs,Utah Jazz
143,2024-02-25,Charlotte Hornets,Portland Trail Blazers
144,2024-02-25,Sacramento Kings,Los Angeles Clippers
145,2024-02-26,Toronto Raptors,Indiana Pacers
146,2024-02-26,Detroit Pistons,New York Knicks
147,2024-02-26,Brooklyn Nets,Memphis Grizzlies
148,2024-02-26,Miami Heat,Sacramento Kings
149,2024-02-27,Dallas Mavericks,Cleveland Cavaliers
150,2024-02-27,Brooklyn Nets,Orlando Magic
151,2024-02-27,Golden State Warriors,Washington Wizards
152,2024-02-27,Utah Jazz,Atlanta Hawks
153,2024-02-27,Philadelphia 76ers,Boston Celtics
154,2024-02-27,New Orleans Pelicans,New York Knicks
155,2024-02-27,Detroit Pistons,Chicago Bulls
156,2024-02-27,Charlotte Hornets,Milwaukee Bucks
157,2024-02-27,San Antonio Spurs,Minnesota Timberwolves
158,2024-02-27,Houston Rockets,Oklahoma City Thunder
159,2024-02-27,Miami Heat,Portland Trail Blazers
160,2024-02-28,New Orleans Pelicans,Indiana Pacers
161,2024-02-28,Dallas Mavericks,Toronto Raptors
162,2024-02-28,Cleveland Cavaliers,Chicago Bulls
163,2024-02-28,Memphis Grizzlies,Minnesota Timberwolves
164,2024-02-28,Sacramento Kings,Denver Nuggets
165,2024-02-28,Los Angeles Lakers,Los Angeles Clippers
166,2024-02-29,Milwaukee Bucks,Charlotte Hornets
167,2024-02-29,Utah Jazz,Orlando Magic
168,2024-02-29,Atlanta Hawks,Brooklyn Nets
169,2024-02-29,Golden State Warriors,New York Knicks
170,2024-02-29,Oklahoma City Thunder,San Antonio Spurs
171,2024-02-29,Houston Rockets,Phoenix Suns
172,2024-02-29,Miami Heat,Denver Nuggets
173,2024-02-29,Washington Wizards,Los Angeles Lakers
0,2024-03-01,Cleveland Cavaliers,Detroit Pistons
1,2024-03-01,Charlotte Hornets,Philadelphia 76ers
2,2024-03-01,Dallas Mavericks,Boston Celtics
3,2024-03-01,Golden State Warriors,Toronto Raptors
4,2024-03-01,Portland Trail Blazers,Memphis Grizzlies
5,2024-03-01,Sacramento Kings,Minnesota Timberwolves
6,2024-03-01,Indiana Pacers,New Orleans Pelicans
7,2024-03-01,Milwaukee Bucks,Chicago Bulls
8,2024-03-01,Washington Wizards,Los Angeles Clippers
9,2024-03-02,Atlanta Hawks,Brooklyn Nets
10,2024-03-02,Utah Jazz,Miami Heat
11,2024-03-02,Portland Trail Blazers,Memphis Grizzlies
12,2024-03-02,Denver Nuggets,Los Angeles Lakers
13,2024-03-02,Houston Rockets,Phoenix Suns
14,2024-03-03,Philadelphia 76ers,Dallas Mavericks
15,2024-03-03,Golden State Warriors,Boston Celtics
16,2024-03-03,Los Angeles Clippers,Minnesota Timberwolves
17,2024-03-03,Detroit Pistons,Orlando Magic
18,2024-03-03,Charlotte Hornets,Toronto Raptors
19,2024-03-03,New York Knicks,Cleveland Cavaliers
20,2024-03-03,Indiana Pacers,San Antonio Spurs
21,2024-03-03,Oklahoma City Thunder,Phoenix Suns
22,2024-03-04,Memphis Grizzlies,Brooklyn Nets
23,2024-03-04,Los Angeles Clippers,Milwaukee Bucks
24,2024-03-04,Portland Trail Blazers,Minnesota Timberwolves
25,2024-03-04,Washington Wizards,Utah Jazz
26,2024-03-04,Chicago Bulls,Sacramento Kings
27,2024-03-04,Oklahoma City Thunder,Los Angeles Lakers
28,2024-03-05,Orlando Magic,Charlotte Hornets
29,2024-03-05,Philadelphia 76ers,Brooklyn Nets
30,2024-03-05,Boston Celtics,Cleveland Cavaliers
31,2024-03-05,Detroit Pistons,Miami Heat
32,2024-03-05,Atlanta Hawks,New York Knicks
33,2024-03-05,New Orleans Pelicans,Toronto Raptors
34,2024-03-05,San Antonio Spurs,Houston Rockets
35,2024-03-05,Indiana Pacers,Dallas Mavericks
36,2024-03-05,Phoenix Suns,Denver Nuggets
37,2024-03-06,Orlando Magic,Washington Wizards
38,2024-03-06,Cleveland Cavaliers,Atlanta Hawks
39,2024-03-06,Los Angeles Clippers,Houston Rockets
40,2024-03-06,Memphis Grizzlies,Philadelphia 76ers
41,2024-03-06,Chicago Bulls,Utah Jazz
42,2024-03-06,Milwaukee Bucks,Golden State Warriors
43,2024-03-06,Oklahoma City Thunder,Portland Trail Blazers
44,2024-03-06,Sacramento Kings,Los Angeles Lakers
45,2024-03-07,Brooklyn Nets,Detroit Pistons
46,2024-03-07,Minnesota Timberwolves,Indiana Pacers
47,2024-03-07,Miami Heat,Dallas Mavericks
48,2024-03-07,Toronto Raptors,Phoenix Suns
49,2024-03-07,Boston Celtics,Denver Nuggets
50,2024-03-07,Chicago Bulls,Golden State Warriors
51,2024-03-07,San Antonio Spurs,Sacramento Kings
52,2024-03-08,New Orleans Pelicans,Philadelphia 76ers
53,2024-03-08,Charlotte Hornets,Washington Wizards
54,2024-03-08,Minnesota Timberwolves,Cleveland Cavaliers
55,2024-03-08,Orlando Magic,New York Knicks
56,2024-03-08,Atlanta Hawks,Memphis Grizzlies
57,2024-03-08,Miami Heat,Oklahoma City Thunder
58,2024-03-08,Milwaukee Bucks,Los Angeles Lakers
59,2024-03-08,Houston Rockets,Portland Trail Blazers
60,2024-03-09,Chicago Bulls,Los Angeles Clippers
61,2024-03-09,Brooklyn Nets,Charlotte Hornets
62,2024-03-09,Dallas Mavericks,Detroit Pistons
63,2024-03-09,San Antonio Spurs,Golden State Warriors
64,2024-03-09,Boston Celtics,Phoenix Suns
65,2024-03-09,Utah Jazz,Denver Nuggets
66,2024-03-09,Toronto Raptors,Portland Trail Blazers
67,2024-03-10,Milwaukee Bucks,Los Angeles Clippers
68,2024-03-10,New Orleans Pelicans,Atlanta Hawks
69,2024-03-10,Washington Wizards,Miami Heat
70,2024-03-10,Indiana Pacers,Orlando Magic
71,2024-03-10,Houston Rockets,Sacramento Kings
72,2024-03-10,Brooklyn Nets,Cleveland Cavaliers
73,2024-03-10,Philadelphia 76ers,New York Knicks
74,2024-03-10,Memphis Grizzlies,Oklahoma City Thunder
75,2024-03-10,Minnesota Timberwolves,Los Angeles Lakers
76,2024-03-11,Charlotte Hornets,Detroit Pistons
77,2024-03-11,Phoenix Suns,Cleveland Cavaliers
78,2024-03-11,Dallas Mavericks,Chicago Bulls
79,2024-03-11,Golden State Warriors,San Antonio Spurs
80,2024-03-11,Toronto Raptors,Denver Nuggets
81,2024-03-11,Boston Celtics,Portland Trail Blazers
82,2024-03-12,Philadelphia 76ers,New York Knicks
83,2024-03-12,Washington Wizards,Memphis Grizzlies
84,2024-03-12,Indiana Pacers,Oklahoma City Thunder
85,2024-03-12,Houston Rockets,San Antonio Spurs
86,2024-03-12,Boston Celtics,Utah Jazz
87,2024-03-12,Minnesota Timberwolves,Los Angeles Clippers
88,2024-03-12,Milwaukee Bucks,Sacramento Kings
89,2024-03-13,Toronto Raptors,Detroit Pistons
90,2024-03-13,Brooklyn Nets,Orlando Magic
91,2024-03-13,Chicago Bulls,Indiana Pacers
92,2024-03-13,Denver Nuggets,Miami Heat
93,2024-03-13,Charlotte Hornets,Memphis Grizzlies
94,2024-03-13,Cleveland Cavaliers,New Orleans Pelicans
95,2024-03-13,Golden State Warriors,Dallas Mavericks
96,2024-03-13,Atlanta Hawks,Portland Trail Blazers
97,2024-03-13,Los Angeles Lakers,Sacramento Kings
98,2024-03-14,Phoenix Suns,Boston Celtics
99,2024-03-14,Los Angeles Clippers,Chicago Bulls
100,2024-03-14,Washington Wizards,Houston Rockets
101,2024-03-14,Philadelphia 76ers,Milwaukee Bucks
102,2024-03-14,Dallas Mavericks,Oklahoma City Thunder
103,2024-03-14,New York Knicks,Portland Trail Blazers
104,2024-03-15,Phoenix Suns,Charlotte Hornets
105,2024-03-15,Miami Heat,Detroit Pistons
106,2024-03-15,Orlando Magic,Toronto Raptors
107,2024-03-15,Los Angeles Clippers,New Orleans Pelicans
108,2024-03-15,Denver Nuggets,San Antonio Spurs
109,2024-03-15,Atlanta Hawks,Utah Jazz
110,2024-03-16,Cleveland Cavaliers,Houston Rockets
111,2024-03-16,Brooklyn Nets,Indiana Pacers
112,2024-03-16,Portland Trail Blazers,New Orleans Pelicans
113,2024-03-16,Charlotte Hornets,Philadelphia 76ers
114,2024-03-16,Washington Wizards,Chicago Bulls
115,2024-03-16,Oklahoma City Thunder,Memphis Grizzlies
116,2024-03-16,Golden State Warriors,Los Angeles Lakers
117,2024-03-16,Minnesota Timberwolves,Utah Jazz
118,2024-03-16,New York Knicks,Sacramento Kings
119,2024-03-17,Phoenix Suns,Milwaukee Bucks
120,2024-03-17,Miami Heat,Detroit Pistons
121,2024-03-17,Denver Nuggets,Dallas Mavericks
122,2024-03-17,Toronto Raptors,Orlando Magic
123,2024-03-17,Boston Celtics,Washington Wizards
124,2024-03-17,Brooklyn Nets,San Antonio Spurs
125,2024-03-17,Atlanta Hawks,Los Angeles Clippers
126,2024-03-18,Cleveland Cavaliers,Indiana Pacers
127,2024-03-18,Detroit Pistons,Boston Celtics
128,2024-03-18,Miami Heat,Philadelphia 76ers
129,2024-03-18,Portland Trail Blazers,Chicago Bulls
130,2024-03-18,Minnesota Timberwolves,Utah Jazz
131,2024-03-18,New York Knicks,Golden State Warriors
132,2024-03-18,Memphis Grizzlies,Sacramento Kings
133,2024-03-18,Atlanta Hawks,Los Angeles Lakers
134,2024-03-19,Charlotte Hornets,Orlando Magic
135,2024-03-19,Houston Rockets,Washington Wizards
136,2024-03-19,New Orleans Pelicans,Brooklyn Nets
137,2024-03-19,Dallas Mavericks,San Antonio Spurs
138,2024-03-19,Denver Nuggets,Minnesota Timberwolves
139,2024-03-20,Miami Heat,Cleveland Cavaliers
140,2024-03-20,Indiana Pacers,Detroit Pistons
141,2024-03-20,Milwaukee Bucks,Boston Celtics
142,2024-03-20,Sacramento Kings,Toronto Raptors
143,2024-03-20,Utah Jazz,Oklahoma City Thunder
144,2024-03-20,Memphis Grizzlies,Golden State Warriors
145,2024-03-20,Philadelphia 76ers,Phoenix Suns
146,2024-03-20,Los Angeles Clippers,Portland Trail Blazers
147,2024-03-21,New Orleans Pelicans,Orlando Magic
148,2024-03-21,Sacramento Kings,Washington Wizards
149,2024-03-21,Chicago Bulls,Houston Rockets
150,2024-03-21,Brooklyn Nets,Milwaukee Bucks
151,2024-03-21,Utah Jazz,Dallas Mavericks
152,2024-03-21,New York Knicks,Denver Nuggets
153,2024-03-21,Atlanta Hawks,Phoenix Suns
154,2024-03-22,Boston Celtics,Detroit Pistons
155,2024-03-22,Oklahoma City Thunder,Toronto Raptors
156,2024-03-22,New Orleans Pelicans,Miami Heat
157,2024-03-22,Cleveland Cavaliers,Minnesota Timberwolves
158,2024-03-22,Memphis Grizzlies,San Antonio Spurs
159,2024-03-22,Indiana Pacers,Golden State Warriors
160,2024-03-22,Los Angeles Clippers,Portland Trail Blazers
161,2024-03-22,Philadelphia 76ers,Los Angeles Lakers
162,2024-03-23,Brooklyn Nets,New York Knicks
163,2024-03-23,Sacramento Kings,Orlando Magic
164,2024-03-23,Charlotte Hornets,Atlanta Hawks
165,2024-03-23,Boston Celtics,Chicago Bulls
166,2024-03-23,Utah Jazz,Houston Rockets
167,2024-03-23,Phoenix Suns,San Antonio Spurs
168,2024-03-23,Toronto Raptors,Washington Wizards
169,2024-03-23,Denver Nuggets,Portland Trail Blazers
170,2024-03-24,New Orleans Pelicans,Detroit Pistons
171,2024-03-24,Philadelphia 76ers,Los Angeles Clippers
172,2024-03-24,Cleveland Cavaliers,Miami Heat
173,2024-03-24,Oklahoma City Thunder,Milwaukee Bucks
174,2024-03-24,Golden State Warriors,Minnesota Timberwolves
175,2024-03-24,Indiana Pacers,Los Angeles Lakers
176,2024-03-25,Charlotte Hornets,Cleveland Cavaliers
177,2024-03-25,Boston Celtics,Atlanta Hawks
178,2024-03-25,Detroit Pistons,New York Knicks
179,2024-03-25,Brooklyn Nets,Toronto Raptors
180,2024-03-25,Washington Wizards,Chicago Bulls
181,2024-03-25,Portland Trail Blazers,Houston Rockets
182,2024-03-25,Phoenix Suns,San Antonio Spurs
183,2024-03-25,Memphis Grizzlies,Denver Nuggets
184,2024-03-25,Dallas Mavericks,Utah Jazz
185,2024-03-25,Philadelphia 76ers,Sacramento Kings
186,2024-03-25,Indiana Pacers,Los Angeles Clippers
187,2024-03-26,Golden State Warriors,Miami Heat
188,2024-03-26,Los Angeles Lakers,Milwaukee Bucks
189,2024-03-26,Oklahoma City Thunder,New Orleans Pelicans
190,2024-03-26,Dallas Mavericks,Sacramento Kings
191,2024-03-27,Cleveland Cavaliers,Charlotte Hornets
192,2024-03-27,Golden State Warriors,Orlando Magic
193,2024-03-27,Brooklyn Nets,Washington Wizards
194,2024-03-27,Portland Trail Blazers,Atlanta Hawks
195,2024-03-27,Los Angeles Clippers,Philadelphia 76ers
196,2024-03-27,New York Knicks,Toronto Raptors
197,2024-03-27,Indiana Pacers,Chicago Bulls
198,2024-03-27,Los Angeles Lakers,Memphis Grizzlies
199,2024-03-27,Detroit Pistons,Minnesota Timberwolves
200,2024-03-27,Houston Rockets,Oklahoma City Thunder
201,2024-03-27,San Antonio Spurs,Utah Jazz
202,2024-03-27,Phoenix Suns,Denver Nuggets
203,2024-03-28,Boston Celtics,Atlanta Hawks
204,2024-03-28,Milwaukee Bucks,New Orleans Pelicans
205,2024-03-29,Golden State Warriors,Charlotte Hornets
206,2024-03-29,Los Angeles Lakers,Indiana Pacers
207,2024-03-29,Los Angeles Clippers,Orlando Magic
208,2024-03-29,Detroit Pistons,Washington Wizards
209,2024-03-29,Chicago Bulls,Brooklyn Nets
210,2024-03-29,Philadelphia 76ers,Cleveland Cavaliers
211,2024-03-29,Portland Trail Blazers,Miami Heat
212,2024-03-29,Phoenix Suns,Oklahoma City Thunder
213,2024-03-29,New York Knicks,San Antonio Spurs
214,2024-03-29,Minnesota Timberwolves,Denver Nuggets
215,2024-03-29,Houston Rockets,Utah Jazz
216,2024-03-29,Dallas Mavericks,Sacramento Kings
217,2024-03-30,Boston Celtics,New Orleans Pelicans
218,2024-03-30,Memphis Grizzlies,Orlando Magic
219,2024-03-30,Milwaukee Bucks,Atlanta Hawks
220,2024-03-31,Cleveland Cavaliers,Denver Nuggets
221,2024-03-31,Los Angeles Lakers,Brooklyn Nets
222,2024-03-31,Los Angeles Clippers,Charlotte Hornets
223,2024-03-31,Philadelphia 76ers,Toronto Raptors
224,2024-03-31,Miami Heat,Washington Wizards
225,2024-03-31,Dallas Mavericks,Houston Rockets
226,2024-03-31,Chicago Bulls,Minnesota Timberwolves
227,2024-03-31,Oklahoma City Thunder,New York Knicks
228,2024-03-31,Golden State Warriors,San Antonio Spurs
229,2024-03-31,Utah Jazz,Sacramento Kings
0,2024-04-01,Boston Celtics,Charlotte Hornets
1,2024-04-01,Memphis Grizzlies,Detroit Pistons
2,2024-04-01,Brooklyn Nets,Indiana Pacers
3,2024-04-01,Portland Trail Blazers,Orlando Magic
4,2024-04-01,Atlanta Hawks,Chicago Bulls
5,2024-04-01,Phoenix Suns,New Orleans Pelicans
6,2024-04-02,Los Angeles Lakers,Toronto Raptors
7,2024-04-02,Milwaukee Bucks,Washington Wizards
8,2024-04-02,New York Knicks,Miami Heat
9,2024-04-02,Oklahoma City Thunder,Philadelphia 76ers
10,2024-04-02,Houston Rockets,Minnesota Timberwolves
11,2024-04-02,San Antonio Spurs,Denver Nuggets
12,2024-04-02,Cleveland Cavaliers,Utah Jazz
13,2024-04-02,Dallas Mavericks,Golden State Warriors
14,2024-04-02,Los Angeles Clippers,Sacramento Kings
15,2024-04-03,Portland Trail Blazers,Charlotte Hornets
16,2024-04-03,Los Angeles Lakers,Washington Wizards
17,2024-04-03,Detroit Pistons,Atlanta Hawks
18,2024-04-03,Oklahoma City Thunder,Boston Celtics
19,2024-04-03,Indiana Pacers,Brooklyn Nets
20,2024-04-03,Memphis Grizzlies,Milwaukee Bucks
21,2024-04-03,Toronto Raptors,Minnesota Timberwolves
22,2024-04-03,Orlando Magic,New Orleans Pelicans
23,2024-04-03,Cleveland Cavaliers,Phoenix Suns
24,2024-04-04,Atlanta Hawks,Dallas Mavericks
25,2024-04-04,Philadelphia 76ers,Miami Heat
26,2024-04-04,Sacramento Kings,New York Knicks
27,2024-04-04,Golden State Warriors,Houston Rockets
28,2024-04-04,Denver Nuggets,Los Angeles Clippers
29,2024-04-05,Orlando Magic,Charlotte Hornets
30,2024-04-05,Oklahoma City Thunder,Indiana Pacers
31,2024-04-05,Portland Trail Blazers,Washington Wizards
32,2024-04-05,Sacramento Kings,Boston Celtics
33,2024-04-05,New York Knicks,Chicago Bulls
34,2024-04-05,Miami Heat,Houston Rockets
35,2024-04-05,Detroit Pistons,Memphis Grizzlies
36,2024-04-05,Toronto Raptors,Milwaukee Bucks
37,2024-04-05,San Antonio Spurs,New Orleans Pelicans
38,2024-04-05,Golden State Warriors,Dallas Mavericks
39,2024-04-05,Minnesota Timberwolves,Phoenix Suns
40,2024-04-05,Utah Jazz,Los Angeles Clippers
41,2024-04-06,Cleveland Cavaliers,Los Angeles Lakers
42,2024-04-06,Detroit Pistons,Brooklyn Nets
43,2024-04-06,Philadelphia 76ers,Memphis Grizzlies
44,2024-04-06,Atlanta Hawks,Denver Nuggets
45,2024-04-07,Houston Rockets,Dallas Mavericks
46,2024-04-07,Cleveland Cavaliers,Los Angeles Clippers
47,2024-04-07,Miami Heat,Indiana Pacers
48,2024-04-07,Portland Trail Blazers,Boston Celtics
49,2024-04-07,Oklahoma City Thunder,Charlotte Hornets
50,2024-04-07,Chicago Bulls,Orlando Magic
51,2024-04-07,New Orleans Pelicans,Phoenix Suns
52,2024-04-07,Washington Wizards,Toronto Raptors
53,2024-04-07,New York Knicks,Milwaukee Bucks
54,2024-04-07,Philadelphia 76ers,San Antonio Spurs
55,2024-04-07,Sacramento Kings,Brooklyn Nets
56,2024-04-07,Utah Jazz,Golden State Warriors
57,2024-04-07,Minnesota Timberwolves,Los Angeles Lakers
58,2024-04-09,Dallas Mavericks,Charlotte Hornets
59,2024-04-09,Detroit Pistons,Philadelphia 76ers
60,2024-04-09,Indiana Pacers,Toronto Raptors
61,2024-04-09,Miami Heat,Atlanta Hawks
62,2024-04-09,Boston Celtics,Milwaukee Bucks
63,2024-04-09,New York Knicks,Chicago Bulls
64,2024-04-09,Orlando Magic,Houston Rockets
65,2024-04-09,San Antonio Spurs,Memphis Grizzlies
66,2024-04-09,Washington Wizards,Minnesota Timberwolves
67,2024-04-09,Sacramento Kings,Oklahoma City Thunder
68,2024-04-09,Denver Nuggets,Utah Jazz
69,2024-04-09,Golden State Warriors,Los Angeles Lakers
70,2024-04-09,Los Angeles Clippers,Phoenix Suns
71,2024-04-09,New Orleans Pelicans,Portland Trail Blazers
72,2024-04-10,Memphis Grizzlies,Cleveland Cavaliers
73,2024-04-10,Charlotte Hornets,Atlanta Hawks
74,2024-04-10,Toronto Raptors,Brooklyn Nets
75,2024-04-10,Dallas Mavericks,Miami Heat
76,2024-04-10,Orlando Magic,Milwaukee Bucks
77,2024-04-10,San Antonio Spurs,Oklahoma City Thunder
78,2024-04-10,Minnesota Timberwolves,Denver Nuggets
79,2024-04-10,Phoenix Suns,Los Angeles Clippers
80,2024-04-11,Chicago Bulls,Detroit Pistons
81,2024-04-11,New York Knicks,Boston Celtics
82,2024-04-11,Houston Rockets,Utah Jazz
83,2024-04-11,Golden State Warriors,Portland Trail Blazers
84,2024-04-11,New Orleans Pelicans,Sacramento Kings
85,2024-04-12,Orlando Magic,Philadelphia 76ers
86,2024-04-12,Chicago Bulls,Washington Wizards
87,2024-04-12,Charlotte Hornets,Boston Celtics
88,2024-04-12,Indiana Pacers,Cleveland Cavaliers
89,2024-04-12,Brooklyn Nets,New York Knicks
90,2024-04-12,Los Angeles Lakers,Memphis Grizzlies
91,2024-04-12,Toronto Raptors,Miami Heat
92,2024-04-12,Atlanta Hawks,Minnesota Timberwolves
93,2024-04-12,Milwaukee Bucks,Oklahoma City Thunder
94,2024-04-12,Denver Nuggets,San Antonio Spurs
95,2024-04-12,Detroit Pistons,Dallas Mavericks
96,2024-04-12,New Orleans Pelicans,Golden State Warriors
97,2024-04-12,Houston Rockets,Portland Trail Blazers
98,2024-04-12,Utah Jazz,Los Angeles Clippers
99,2024-04-12,Phoenix Suns,Sacramento Kings
100,2024-04-14,Washington Wizards,Boston Celtics
101,2024-04-14,Charlotte Hornets,Cleveland Cavaliers
102,2024-04-14,Atlanta Hawks,Indiana Pacers
103,2024-04-14,Toronto Raptors,Miami Heat
104,2024-04-14,Chicago Bulls,New York Knicks
105,2024-04-14,Milwaukee Bucks,Orlando Magic
106,2024-04-14,Brooklyn Nets,Philadelphia 76ers
107,2024-04-14,Utah Jazz,Golden State Warriors
108,2024-04-14,Houston Rockets,Los Angeles Clippers
109,2024-04-14,Denver Nuggets,Memphis Grizzlies
110,2024-04-14,Phoenix Suns,Minnesota Timberwolves
111,2024-04-14,Los Angeles Lakers,New Orleans Pelicans
112,2024-04-14,Dallas Mavericks,Oklahoma City Thunder
113,2024-04-14,Portland Trail Blazers,Sacramento Kings
114,2024-04-14,Detroit Pistons,San Antonio Spurs
115,2024-04-16,Los Angeles Lakers,New Orleans Pelicans
116,2024-04-16,Golden State Warriors,Sacramento Kings
117,2024-04-17,Miami Heat,Philadelphia 76ers
118,2024-04-17,Atlanta Hawks,Chicago Bulls
119,2024-04-19,Chicago Bulls,Miami Heat
120,2024-04-19,Sacramento Kings,New Orleans Pelicans
121,2024-04-20,Orlando Magic,Cleveland Cavaliers
122,2024-04-20,Phoenix Suns,Minnesota Timberwolves
123,2024-04-20,Philadelphia 76ers,New York Knicks
124,2024-04-20,Los Angeles Lakers,Denver Nuggets
125,2024-04-21,Miami Heat,Boston Celtics
126,2024-04-21,Dallas Mavericks,Los Angeles Clippers
127,2024-04-21,Indiana Pacers,Milwaukee Bucks
128,2024-04-21,New Orleans Pelicans,Oklahoma City Thunder
129,2024-04-22,Orlando Magic,Cleveland Cavaliers
130,2024-04-22,Philadelphia 76ers,New York Knicks
131,2024-04-22,Los Angeles Lakers,Denver Nuggets
132,2024-04-23,Phoenix Suns,Minnesota Timberwolves
133,2024-04-23,Indiana Pacers,Milwaukee Bucks
134,2024-04-23,Dallas Mavericks,Los Angeles Clippers
135,2024-04-24,Miami Heat,Boston Celtics
136,2024-04-24,New Orleans Pelicans,Oklahoma City Thunder
137,2024-04-25,Cleveland Cavaliers,Orlando Magic
138,2024-04-25,New York Knicks,Philadelphia 76ers
139,2024-04-25,Denver Nuggets,Los Angeles Lakers
140,2024-04-26,Milwaukee Bucks,Indiana Pacers
141,2024-04-26,Los Angeles Clippers,Dallas Mavericks
142,2024-04-26,Minnesota Timberwolves,Phoenix Suns
143,2024-04-27,Cleveland Cavaliers,Orlando Magic
144,2024-04-27,Oklahoma City Thunder,New Orleans Pelicans
145,2024-04-27,Boston Celtics,Miami Heat
146,2024-04-27,Denver Nuggets,Los Angeles Lakers
147,2024-04-28,New York Knicks,Philadelphia 76ers
148,2024-04-28,Los Angeles Clippers,Dallas Mavericks
149,2024-04-28,Milwaukee Bucks,Indiana Pacers
150,2024-04-28,Minnesota Timberwolves,Phoenix Suns
151,2024-04-29,Boston Celtics,Miami Heat
152,2024-04-29,Oklahoma City Thunder,New Orleans Pelicans
153,2024-04-29,Los Angeles Lakers,Denver Nuggets
154,2024-04-30,Philadelphia 76ers,New York Knicks
155,2024-04-30,Orlando Magic,Cleveland Cavaliers
156,2024-04-30,Indiana Pacers,Milwaukee Bucks
0,2024-05-01,Miami Heat,Boston Celtics
1,2024-05-01,Dallas Mavericks,Los Angeles Clippers
2,2024-05-02,Milwaukee Bucks,Indiana Pacers
3,2024-05-02,New York Knicks,Philadelphia 76ers
4,2024-05-03,Cleveland Cavaliers,Orlando Magic
5,2024-05-03,Los Angeles Clippers,Dallas Mavericks
6,2024-05-04,Minnesota Timberwolves,Denver Nuggets
7,2024-05-05,Orlando Magic,Cleveland Cavaliers
8,2024-05-06,Indiana Pacers,New York Knicks
9,2024-05-06,Minnesota Timberwolves,Denver Nuggets
10,2024-05-07,Cleveland Cavaliers,Boston Celtics
11,2024-05-07,Dallas Mavericks,Oklahoma City Thunder
12,2024-05-08,Indiana Pacers,New York Knicks
13,2024-05-09,Cleveland Cavaliers,Boston Celtics
14,2024-05-09,Dallas Mavericks,Oklahoma City Thunder
15,2024-05-10,New York Knicks,Indiana Pacers
16,2024-05-10,Denver Nuggets,Minnesota Timberwolves
17,2024-05-11,Oklahoma City Thunder,Dallas Mavericks
18,2024-05-11,Boston Celtics,Cleveland Cavaliers
19,2024-05-12,New York Knicks,Indiana Pacers
20,2024-05-12,Denver Nuggets,Minnesota Timberwolves
21,2024-05-13,Boston Celtics,Cleveland Cavaliers
22,2024-05-13,Oklahoma City Thunder,Dallas Mavericks
23,2024-05-14,Indiana Pacers,New York Knicks
24,2024-05-14,Minnesota Timberwolves,Denver Nuggets
25,2024-05-15,Cleveland Cavaliers,Boston Celtics
26,2024-05-15,Dallas Mavericks,Oklahoma City Thunder
27,2024-05-16,Denver Nuggets,Minnesota Timberwolves
28,2024-05-17,New York Knicks,Indiana Pacers
29,2024-05-18,Oklahoma City Thunder,Dallas Mavericks
30,2024-05-19,Indiana Pacers,New York Knicks
31,2024-05-19,Minnesota Timberwolves,Denver Nuggets
32,2024-05-21,Indiana Pacers,Boston Celtics
33,2024-05-22,Dallas Mavericks,Minnesota Timberwolves
34,2024-05-23,Indiana Pacers,Boston Celtics
35,2024-05-24,Dallas Mavericks,Minnesota Timberwolves
36,2024-05-25,Boston Celtics,Indiana Pacers
37,2024-05-26,Minnesota Timberwolves,Dallas Mavericks
38,2024-05-27,Boston Celtics,Indiana Pacers
39,2024-05-28,Minnesota Timberwolves,Dallas Mavericks
40,2024-05-30,Dallas Mavericks,Minnesota Timberwolves
